-0.0417709826443549,0.0293971113087126,-0.0269165019189447,0.029585907724012,-0.0155848389782977,-0.0601979234970885,0.0741623598413097,0.0314871949190057,-0.0145786957294938,-0.024283817690221,0.0370699827145368,-0.00889028330116025,-0.0304654405767304,-0.00892068444135381,-0.0379948154372128,-0.0509658916456305,0.0882614664249771,-0.0341484714308008,-0.00693558500256186,-0.0376867180992282
-0.0674846628940284,0.0842314269606234,0.0337655497599206,0.00331770312684744,-0.083542166216802,0.0768485785604534,-0.0332895367759465,0.0425338179922574,-0.00874163807832051,-0.0568353322506674,0.0338788109769132,0.0929016993103509,-0.00298794305965609,-0.0190427595823545,0.0188269531301599,0.0117038537002521,-0.00989159532792105,-0.0283553919154164,-0.0382432523548836,-0.0686769289434088
-0.0367374990531927,-0.00327359207542881,-0.055808053810133,-0.000360519712348287,0.0260297186652186,0.0748597728884659,0.0526024353502801,0.103836372368179,-0.0474373345240616,-0.104367626555964,-0.034658003890326,-0.180263409902719,0.134394599342564,0.0688834580742786,-0.00582660310151006,0.10582474008848,0.0550854791631388,-0.0148554779837208,0.0887448885573799,-0.0259494540788416
-0.0527191429763672,0.0080725543198766,-0.0298868801712955,-0.061270812156467,-0.0359492887152884,-0.0356170569771787,-0.0017126353286866,0.0637762370090263,0.0667279686499627,-3.18463011194443e-05,0.0341664637751068,0.0231137533479016,-0.00351124584561752,-0.0135292575960975,0.00234422726282786,0.0102497597569134,-0.0419479523100139,-0.0661004188997841,-0.0671082142291731,-0.0740695797588902
-0.0414485246009205,0.0357985797366357,0.00361161656371963,0.0154786163691927,-0.0380135432187362,-0.0482473791679193,0.0762832981649209,0.0400976313632396,-0.0452291123800756,0.0111096937279573,0.0682515336352485,-0.0660849178723081,-0.0213409131360408,-0.00389938526760268,-0.0442063785808966,-0.0745465126755458,0.0577960845329459,-0.0352543376017639,0.0210456729006717,-0.0215064682343946
-0.0485638814766707,0.0272754988257894,-0.040542138037615,0.0542038299346414,-0.0216836945819212,-0.0336600286006638,0.0473451875871337,0.0120789480936318,-0.0721160418362169,-0.0191880188761247,0.0272553591583234,-0.0138770521493529,-0.0303287912155796,-0.0677341304022496,0.0482909560700807,-0.0256668711834852,0.0238968309706343,0.0266193879643603,0.0303541423385918,-0.0547596079607616
-0.0564701086267922,0.00978952190452911,0.0258750397295009,-0.0620325668160737,-0.0544003293240897,0.0623764464529219,-0.0396906328811951,0.0310473079316492,-0.0924406521216673,0.00724729732552916,0.0383090476352352,0.0670730218227358,0.0325808653015302,-0.0643575775413403,-0.0256099522577484,-0.0311133136403157,-0.0602905858958728,0.0463417886164823,0.0574767363757027,-0.0111100658154665
-0.0478467601892232,-0.0113259194030418,0.00686325972940693,0.016779916133653,-0.0784500559552193,-0.025857151577893,-0.0100390782921757,-0.0505138944937544,-0.0350341158996502,-0.0184681304999764,-0.0114671552658984,-0.00334949571993903,-0.0167944522405659,-0.0612470625773711,0.0304049752921426,-0.0470301566726948,-0.0276187066635898,0.00283318188363792,0.00879484054895981,0.118730729599342
-0.0536189898295932,0.0470382404285209,-0.0170418364020216,0.100571003046197,-0.080808044464963,-0.0264645285847377,0.0346187282759656,-0.0331570237777911,0.0474089577695882,-0.0265715301587924,-0.0591079908200927,-0.00562401897785295,0.0501419523123404,0.000378599808089447,0.0350018728663848,-0.0450616864020619,-0.044529293127162,-0.022980665496141,-0.0550745995900571,0.0200746064762522
-0.0118567412921832,0.0428887366416957,-0.0770725419846066,-0.00295677335524984,0.0284461397998672,0.0890263536743463,0.108958299184262,-0.0261126536939832,0.0257672671695177,0.069419128655219,0.0185665992661493,-0.0168307998571095,-0.0499502179516323,-0.104393032949889,0.0632985161843117,-0.0401181596361315,-0.00240806558559651,-0.03915315748887,-0.107506931729167,-0.0709390313093835
-0.0811941920333097,0.0520454817599391,-0.0104777605996122,-0.0486648240463747,-0.0420535507638916,0.024177781838501,-0.0240328848447533,0.0345922115318516,-0.0781105554290699,0.0477006538970118,0.00387786539948997,-0.00529281027585925,0.0754653116398028,-0.00237300643090328,0.0350360056792183,0.0800486751360275,0.00387280710296571,-0.00670688384374658,-0.0325882665236248,-0.0279279068383071
-0.0541139292101702,-0.0609537931253977,0.00735622598179311,0.00136614869057125,-0.0238684254397947,-0.0508179567105149,-0.0228011990031666,0.0232795349279646,-0.0642618471689975,0.049131621640676,-0.00576889102505029,0.0113117552873398,-0.0316447552704835,-0.030999761900009,-0.0219731698294512,-0.0279514208390795,-0.0487403118773701,0.0104040168531373,0.0493425442803924,-0.0810809202428147
-0.0524593619086493,-0.0546713535043936,-0.0521056281315304,0.0442273525666556,-0.0201577057588508,-0.0755878330535357,-0.028089972784108,0.0528282013511966,0.0553977713842083,0.0367617240459572,0.00363969353819246,0.046002367256972,-0.00976849534601332,0.00840964532731335,-0.0277866822044322,0.0518186430792739,0.0969805637248424,0.0069893377237678,0.0168450120597764,-0.131109650580451
-0.0512362386463471,-0.0579445723996031,0.0171738182849259,0.0865240928309652,-0.012382459304681,-0.0524594349830599,-0.00666670979583732,-0.0253285415151883,-0.0734680660468751,-0.0437563554661788,0.0117946565712587,0.0793732727676208,0.0057364627923914,0.00325018110057491,-0.0557109318848328,-0.0136653552906907,-0.00571437162838568,0.00322151403426262,0.0357073619156703,-0.0610897173348766
-0.0533640567666911,-0.0478557279632526,-0.0505980911653773,-0.00446327072400246,-0.0429023325638388,0.0169603683209834,0.00572828544230971,0.0405576881106587,-0.0192933566695054,0.0148541707925828,-0.0126018579072733,0.00727554828943489,0.0326764654746799,-0.00542130833619512,-0.132390992770603,-0.00143259691535696,0.0107038566040445,-0.0230443725485781,0.0767185294735756,-0.11416776526587
-0.0607120043468926,-0.0272059885095239,-0.0469833286502098,0.034981297414506,-0.0335859394066062,0.00813993694750924,0.0242167148053555,0.00891264387078208,-0.0201575335109573,0.00541642450741689,0.0293706605603985,0.0625861525445517,-0.0273450121076149,-0.0753668561567672,0.0158141714257918,0.0124019133410184,0.0341564868995476,0.0299021266539625,0.0397725790901724,-0.0228356188547303
-0.0291095411642511,0.0214770117645943,0.000647928776161117,-0.0205652485999003,-0.0446749579104811,-0.0704531537187978,-0.0362986606090939,0.0617697098050461,0.0216615511437613,-0.0691302249005864,-0.00706316506814663,-0.0143816785077051,-0.0377979809158559,-0.0171537326373602,0.0240659460633241,-0.0174097084155527,-0.0808580416140781,0.0127606635625511,0.00756135737730903,-0.106706352331907
-0.044925841192662,0.00256448771104712,0.0308532286818495,-0.0376960218304808,-0.0128309738892468,-0.0248481075999532,0.021110148426236,0.0148862027664732,-0.053297529223351,-0.0526896683538807,0.01736255356537,-0.0387115048914421,-0.0458766678106205,-0.0126143080788818,-0.010736463565537,0.00196589313382567,-0.00409565137912989,-0.04168882057774,-0.0265055555970446,-0.15741573311101
-0.0620405108327277,0.0809402863250496,0.0042938323882052,-0.0239992820968611,-0.0205988331063754,0.0223517099667722,0.0237343449180893,0.0144786715584313,-0.0832685597611969,-0.0155020316133029,0.0135049450834276,0.00527135536587444,-0.00484936282412199,-0.0242305974995107,-0.0227165516373636,0.0425387310040599,0.02542576867697,-0.0682568451297913,-0.0347775911905498,-0.0856530785407416
-0.0651211955056659,0.048233862944069,-0.0455133565760595,-0.022134466002593,0.00122354311417538,0.0271096355434527,0.0129471649133349,-0.00339252937286099,-0.0830546076548009,0.0389542419927108,0.0323526679879785,-0.0185694710222054,0.0182367513440856,0.0321719989998524,-0.0177750439821588,0.0667224898878016,0.0355945388033039,-0.0400242241546231,-0.00795994037320018,-0.035090689836857
-0.0219890866086552,0.0846533751025284,-0.05043393171145,-0.0125944948416539,0.0674795214867553,0.0409545553579877,0.0136785041403029,0.00845070813854752,-0.0825527977750324,0.0178303736034376,0.0292807549375244,0.068745721017934,0.0558127732242024,0.0256476127421317,-0.0225830018043834,-0.0906545942433618,-0.0249993951054232,-0.00596579645584132,-0.0331276783526803,0.00611019547844182
-0.0825259460585665,0.0671783441973723,0.0401001877837453,-0.0685890041431712,-0.0240802829553042,0.0170671711186997,-0.0662577814606504,0.0210558195818211,-0.0984717064780414,0.0509499170178226,-0.0291962073713957,-0.0404596946838734,0.0678243980037635,0.0121722532166319,0.070917679008089,0.0605505012166531,-0.00962656223649638,-0.0260021335410025,-0.0474192169446933,-0.0749249004927466
-0.0389669151171383,0.0380119252141313,-0.0271060929982867,0.00445061921848762,-0.0275954469435972,-0.0119180645163341,-0.0994535709967448,-0.0855757669180406,-0.0426373493893359,0.0535696307776969,-0.0145045738234004,-0.0332003104958545,0.0272506656947965,0.00272037264659005,0.0147132916688424,0.00196508715016665,-0.10491545524469,-0.00746343023000609,-0.0206488990508778,-0.0888144536740832
-0.0585211091815261,0.0106045321412341,-0.0646404706508445,0.0732369189469645,-0.0737797931423772,-0.119417467395526,-0.0657198196667213,0.0272835479128028,0.039858505469062,0.00241031868955405,-0.0326660736173075,0.00314613923647676,-0.00784135512710468,-0.0546707744781148,-0.00960848378028464,-0.0520814766126451,0.0942475667963495,-0.0157916124861745,-0.00259177117832689,-0.116158610863056
-0.0632808004809588,0.000713805329285544,-0.0531908763030423,0.0396894036695555,-0.0344595982265922,-0.0172592642122846,0.055988548160245,0.0127591698860952,-0.0517325536750952,0.0333392897391805,-0.0167895210766185,-0.0123345412533769,-0.0467681250390329,-0.0482608608147098,0.0228654491239213,0.0644511088224645,0.0136807642602199,-0.0585883798367083,0.0205065552133816,-0.0362958549359481
-0.0474660941624789,-0.0312542176640359,-0.0181697260347006,-0.0882552350151414,-0.0329076405669524,-0.0552628790280976,0.00316969278081238,0.0316450323373537,0.00835864282846028,-0.00760701495929773,0.0438592350308193,0.00613914960156492,-0.00442516512272773,0.0177614212192726,0.00760933246800429,0.106044920764464,-0.0163589945831071,0.000487529896777175,0.0283107147784101,-0.0692168700165009
-0.0541237155926732,0.0477191338587058,-0.0450351658898245,-0.0727411417090792,-0.0837372848286136,-0.0220761457849786,-0.0115844466190008,-0.0213960063431327,-0.0263550108810939,-0.0341343478094656,0.0311752665168677,-0.0836424107178352,0.0209026724265114,-0.0163428353331886,-0.00269346006080125,-0.00642032649860268,-0.027637898299211,0.0161834594171148,0.0295166117581795,0.0174859200408675
-0.0618142819440175,-0.0337270239375931,-0.0434665866152929,-0.0178778743305077,-0.0306554566450917,0.0400214733545703,-0.00683828785948139,-0.0533376334755938,0.0128934699585175,-0.0344393378321046,0.108399281725938,-0.0412363227310814,0.00395548076779467,0.00610319336121332,-0.0194696660553167,-0.04550365992801,-0.0516840203103896,0.0221245128808127,0.034778758921573,-0.0304008822466374
-0.0473785632648111,-0.0252877386428713,-0.0457442703958135,-0.074551262495005,-0.029927832771076,-0.0014738532347796,-0.0257381114125767,-0.0168533235461238,-0.0164445945848781,-0.00317652092313978,0.0626011684976016,0.0501172275101811,0.0272124810659489,-0.0102449246663707,-0.0667831390942168,0.0803531565059133,-0.0188924697907902,0.0133937946890773,0.0250486680135384,-0.0535035681305099
-0.055197149509269,0.0484922294650582,-0.0846178323684809,0.0596757362360864,-0.0549005854375356,-0.0432006082299097,0.0900274714948811,-0.0311960792911032,-0.0133430414249188,-0.0188028963298898,0.0116958721817561,-0.0104978380543873,0.0205880266640173,-0.0266766233254351,0.0525778303958241,0.0774173726173136,-0.016002204383078,0.00375429590319866,-0.0257588033778884,-0.018986271230886
-0.0290017702897862,0.0140076692715973,0.0277861279660464,0.0668830982291619,-0.0184413585559179,-0.0326801059599529,0.042439077003577,0.0608200914004326,-0.0602294222384902,-0.0407425406073747,0.0240141509744127,-0.0428957630536901,0.0226913555458278,0.0288031600752225,0.0816957580542839,-0.0285662550750023,0.00543488833943394,0.0215811203270419,0.00371835800745132,0.00439742112003718
-0.00932897574540001,-0.00490038187004018,0.00492249949589159,0.086293352251835,0.0132036077364408,0.0407375883434831,-0.0245062477769798,0.105956804683548,0.0196192882420405,0.0178351494159346,-0.10375663633059,0.0906206320365179,0.09404185013079,0.055042852825635,0.0656145701192096,0.00650092609189028,0.0535625362266365,0.0478833913448666,0.00357516442586102,0.0553572695095437
-0.0648447967786736,-0.0110911856510106,-0.0440922971508468,0.021114064526875,-0.0222549055283771,-0.0198417554632789,-0.00616723095276621,-0.0693150714045664,0.00667327521605525,-0.0751113707493997,0.0615401431230712,-0.00916063991798078,-0.050563179534541,0.0113885125249669,0.0405601884003592,0.00860930565348333,-0.0528254759734555,-0.0465703934874139,0.0467621681374728,-0.00125829496447783
-0.0370353647470617,0.0447920609473183,-0.0833953234887586,-0.0212115106895817,0.00819948484448796,-0.0403855178383919,-6.89794053032423e-05,-0.0508928265117805,-0.047902561553403,0.0378358839078306,0.0974296398990818,-0.00612959587066066,-0.00674019887849631,0.026133019683973,-0.0826102920850568,0.0320447977338085,-0.0787626598058541,-0.00552212521267047,0.0112763126603136,-0.0939563839938059
-0.0210218686316073,-0.030317736518213,-0.00253120410462953,0.00267289361371725,-0.0577391783552075,0.0462086802892617,-0.134616363674116,-0.047463468674291,0.0169682473321001,-0.00496889589417188,0.110096575376934,-0.0791856839339845,-0.0534125189198528,-0.084648462319912,0.00550630600829197,0.0153988347976264,-0.0813874476533815,0.0399242436535365,0.0431477088144362,-0.0886309237992506
-0.0689305810062916,-0.0356359725381509,-0.0124694784614092,-0.0188133661960211,-0.0679684362759378,-0.0149758319928713,0.000723257728251591,-0.0239860404528987,0.00838477638936723,-0.0164692388273401,0.0253513341364867,-0.0438964673461652,-0.00840067181579562,0.0211026533676744,0.102029169322272,0.0532198686041495,-0.0744388235577778,0.0325536891450829,-0.0129786338525458,-0.0114907047994976
-0.0266300160058683,0.124508093562536,-0.0708567053944487,-0.01589975597668,-0.0618545601358921,-0.0440929725587496,0.0408475454556421,-0.0594191591024616,-0.0230659268689392,0.0129291342485183,0.00166949987826859,0.0436652225106607,0.0133376646225182,-0.0440102135787971,-0.125588965172509,0.00339340026805808,-0.0554680016391732,-0.0239676502272307,0.0316541129752809,-0.0220317583535928
-0.0570877603948494,0.0267432119192186,-0.0866568494099928,0.0957273872749322,-0.0739481300151864,-0.0348565678248022,0.0792754398154242,-0.075327075114967,-0.00180866839582317,0.00966715581881331,-0.0146077636632719,0.0473689826444711,-0.0397843943830146,-0.069829864359373,-0.0542230714866836,0.0852471938484003,-0.013119796235557,-0.0465957045306513,0.00145599104690997,-0.096265168960883
-0.0484634143710936,-0.0100229962038625,0.0143816358751656,0.0164568333924729,-0.0457638323201482,-0.0357774095959766,-0.0233188520455728,0.00767249801166399,-0.0172343984409225,-0.105020348925892,-0.0577563806578276,0.0860484636170515,-0.023962659144831,-0.0621383996189196,-0.0847943468563347,-0.0166675304352291,0.0167425815475581,0.0156493697486637,0.0558792827184013,-0.0237440182364144
-0.047974533288816,-0.0816177465364376,-0.00310056262954944,0.0589722950939233,-0.0827623497954779,-0.0525610475077617,-0.0749660887910512,0.0897139946342993,-0.0157222170485533,0.0415863056969726,-0.0237906080974062,0.0569535249264289,0.0164462750824251,-0.00263812448493546,-0.0862356123364252,-0.010022043428085,-0.0224423724949262,0.0504615615283658,0.0357561290591376,-0.0412870673336962
-0.0439516794106211,0.0306090121096856,-0.0770836941977965,-0.0293899628506204,0.0231136094106881,-0.0216960774746603,0.0477504846086255,0.0146710884447174,-0.0307288308782848,0.0132617626979822,0.0689421782191123,-0.0332130867679704,0.00465569926196916,-0.00842274159498621,0.0582147179113081,0.00110258060187645,-0.073106853509363,-0.0619432985944364,-0.0162100915908627,-0.0313820908839306
-0.0778680642095863,0.0710844941791014,0.0700534916030739,-0.044935328232176,-0.0670683380386864,0.11672375838646,-0.074854592187178,0.122851748653219,-0.0257233118095468,-0.0293756447318786,0.0464028245081073,0.0457356387966974,0.0367423751258166,-0.000719801461337853,0.0390176857303004,0.0126778080594966,-0.0251621367911403,-0.0136851252638271,-0.0403308638884565,-0.0954925856431163
-0.0225611630403381,-0.0275555073460351,-0.0450633258874461,0.00440371679432354,-0.0786108584017135,-0.0481196389313776,-0.12459123742778,-0.0186137056545487,0.0274600766179863,0.0776464046075992,0.00854900497428875,-0.0277453343358985,-0.034882183336919,-0.029613929448651,0.00147505443029475,0.0174398735330482,0.000830971182008608,0.033466431730322,0.0338326217157922,-0.0339483398474466
-0.0767165248956019,0.0560247360556807,0.00232788415193222,-0.0195045269504427,-0.0433530554067871,0.000954384398735211,-0.0424111728294683,-0.0254950458142875,-0.0666957378995348,0.0897281739693128,-0.00243574943175953,0.0102336309587389,0.0566605824340218,0.00708457747965229,0.0431945198907841,0.0361066545346382,-0.0314121923490249,-0.0130813407353277,-0.0708198144862403,-0.0172629139338254
-0.0696483236078452,-0.0787663279667771,-0.0284164733473682,0.00119870820701898,-0.0736263327740949,0.00989190726373641,0.0250254783639283,0.000326562886397002,0.0880256312986485,0.0306723849593837,0.059707631852511,0.0117833775449124,0.024382789379221,0.024965310479947,-0.0131945958305244,0.0245209130664964,-0.005360439762321,0.0200312458564438,0.0518223852009064,-0.00972529559608019
-0.0553918403356313,0.0375519671512776,0.00465263612107644,-0.0162071002653121,-0.112896626007972,0.0123127148022994,0.0545755691491359,0.0269328029945686,-0.0237063467132263,-0.011624693073302,-0.0113471685965305,-0.0742823306935779,0.0784620813861246,0.00961303592989673,0.0915754014379093,0.0184108605470161,-0.0478494844635183,0.0573230766865486,0.0188071922590641,0.0658735516193895
-0.0638179678149206,-0.0198223664985497,0.00630959578853559,0.081177346030033,0.00993018724313394,0.00178294964633215,0.0185677012050672,-0.016120029770069,-0.0623015612066991,0.0353229419697909,-0.0526306384309454,0.189805408621791,0.0444357527909184,-0.0440912712422181,-0.0107157557747311,-0.0662886367706525,-0.0102991327878063,0.0185658260727434,-0.00662394015511751,-0.0509024988874976
-0.0489478692963107,-0.0134093401733048,-0.0322435132619907,-0.00804766126842061,0.0104111513149266,0.0682427202550926,0.0513559092376948,-0.0272955090199224,0.00856122890149008,-0.0933263400149126,-0.075754241395585,0.000695639341531033,0.0094011374704752,-0.0471048730254807,-0.00569433255311867,0.0877635133444512,0.0040083351440916,-0.0317844585186602,0.0386499835477503,-0.0569964854636853
-0.0391896613820664,-0.0267177314344669,-0.0130078714854151,-0.0437778542262811,0.0212391655951646,-0.0256830227821797,0.0587388922565326,-0.00116564315199355,-0.0647157375487809,-0.0206841339119657,0.0460480091274384,-2.40188877209953e-05,-0.0494718767201572,-0.0251413881593439,0.0313371634143,0.107306347070023,-0.0326619683619197,0.0392488246834197,-0.0111182410127413,-0.0162699513678767
-0.00831440922668563,0.0222955145236575,-0.0941225730169248,-0.00957916760402882,-0.0614076580698541,0.0446652865899803,-0.0431507068746164,-0.123195202552138,-0.0282316304192462,-0.0519816073973295,-0.059266966299457,-0.00804753866254019,0.0328582814206299,-0.0456847406693423,-0.0659970602106807,0.0447830971553385,0.0114379262757868,0.0343591858622262,0.057545214391112,-0.0420314846257607
-0.0241849845701329,0.0950074639103521,0.00397716209350298,-0.0630573009137203,0.0655849120454737,0.0276349111109475,-0.0185286477365707,-0.0138489868916543,-0.088782693337497,0.0136443237995624,0.050530783260258,-0.0366892709168797,-0.0118024784073777,0.030339207322394,-0.0122012479283958,-0.0536411612745463,-0.00191788909251039,-0.0892429249331973,-0.0589686103639437,-0.0691158999922415
-0.061238727802954,-0.0775821131688363,-0.00396961510388247,0.00546986655686175,-0.0507293539074553,0.0264947618768406,0.0184743789376462,-0.00385610224461457,-0.050509914884995,0.0693373920913315,-0.0415644512263623,0.00973278924929729,0.00356886250228794,-0.0112356911525231,-0.0485308585452495,-0.0154428477356067,-0.0591298746291344,0.0372901794157884,0.064476614043349,-0.0568890227442194
-0.0520671023719036,-0.0267235640351458,0.0160708674970755,-0.0534340310698152,-0.0271429655544449,0.0163933647358192,-0.00116616560723353,0.00564851407854516,-0.00404142899499368,-0.00788731434225412,0.0496838899221732,0.0104315426712089,0.036592277725047,0.0526591398228121,-0.0338343575467192,-0.0142026364213727,-0.0249398769399764,-0.0128834288944371,0.0697853939067924,-0.0766461558930385
-0.0476769881153098,-0.00625468901206018,-0.068079155020405,0.00841724427553155,-0.0642048952957906,0.0117817020909445,0.0329143409464594,-0.0582989619749541,-0.0177812497952636,-0.07150001258833,0.049587240742917,-0.0295043572137367,0.0295202548783661,-0.0152506692719242,-0.0446494030857816,0.00880522394275833,0.000807623973678573,0.0386853419413678,0.0630558194415646,-0.0544911016842324
-0.0496535790278319,-0.0470780261717239,-0.016834753648828,-0.0841259453278212,-0.0393174762692273,-0.0434157447560147,-0.0372582980291694,0.0433245261523635,-0.00412347545739068,-0.0635150033412973,0.00457827697564032,0.0329188974030587,0.010935231221401,0.0460615491151943,0.0198392869113176,0.0950233084670419,-0.00219858228817329,0.0263745572946035,0.0535512685648573,0.055463822081704
-0.0630014804010546,0.0549611016153605,0.0215538004072427,-0.0653322666969015,-0.0738929774222041,-0.018384138903094,0.0465679634808152,-0.0119583193978805,-0.0575519483654194,0.0514042567767728,-0.0569050509093378,-0.0330888479286156,0.0365654631953769,-0.0451024625029095,-0.0307645577779322,-0.0245245075529857,-0.0149793018465334,-0.051807343848717,0.000819573317872466,-0.095120026818195
-0.0675829028327675,0.0741664206613831,0.0721463569862645,-0.0258907145662544,-0.0509460730818782,0.0801580293998115,0.00361382659774548,0.124485578546085,-0.0172257118440432,0.00332778694968258,0.0122162383926158,0.0352144034483357,-0.0257778082904845,-0.00438418795213653,0.014200717374605,-0.0395549779906578,0.00280708184274942,-0.0763927868302771,-0.0703331577468339,-0.0963177822417483
-0.0474159631769439,0.0616532257455166,-0.0185834889277951,-0.040288211186608,0.00392908122295605,-0.00413272124652913,0.0499669720295548,-0.0211366011958399,-0.135197342639164,0.0293248098030628,0.056413136724203,-0.0330769385452041,0.0481591513079868,-0.0164895837926902,-0.10264772725303,0.0435360604450301,0.0235807871076652,-0.0350690975909084,-0.00367725596391616,-0.0364217379317941
-0.0467298857929694,0.0725976141372499,-0.0266042323415033,-0.0195597008999855,-0.0625276351914267,0.00584962203130047,0.0881496377225759,-0.05775478296426,-0.0298958991554652,-0.0370017305710223,0.00398405627143402,-0.00348223686253858,-0.0143551827839862,-0.0347603869151858,0.00826021284606933,0.0251999759259923,-0.0174361267723361,-0.0561487460573596,-0.017565764950455,0.00814702225467555
-0.00182720864863455,0.0833280282268266,-0.0460223613959131,-0.00456579550183029,0.0169290865835627,0.0414434485293799,0.0837965457704091,-0.0183832408323252,-0.0700583491203858,-0.0128847164458469,0.0396100525270339,-0.0218831840797915,0.0532296962097783,-0.0470742495985446,-0.044879553293919,-0.0352186218791721,-0.0905867483662443,0.00974781315024222,0.0320321156049445,0.00507478490035125
-0.0309966129453759,0.0858334705774657,-0.0429857979047402,-0.0524645374954446,0.0403342048468456,0.0235824722533433,0.0184124898546011,-0.00221649315077152,-0.123981030376428,0.0425312985054572,-0.0105622104154917,-0.00587292070773066,0.0473585895216908,-0.0177425129560305,-0.0614478782753667,-0.0351792552458816,-0.0662375434670205,-0.0525132184681937,0.0130997904349009,-0.057914600550741
-0.0511580843936665,-0.00716610209553382,0.0154686827961026,-0.00850998726400785,-0.0596255855964563,-0.141917895694592,0.0416727916941115,0.0431708748095134,-0.0124814436392107,0.0314137231434321,-0.140404571526111,-0.0297172675826563,0.0279963009035521,-0.0221902682170921,-0.0582536037471803,-0.0948047572899285,0.0502083494505796,-0.0383517181271362,0.0513470726332787,-0.0839776057654194
-0.0305879047101106,-0.0307278066254097,-0.0579199262722935,0.0158906293979506,-0.0704433627761231,0.0878229327591052,-0.0363038337515802,0.098550576207195,0.107284863789032,0.0818001785404955,-0.00916609745464337,-0.0188388052974524,0.0172242568757013,-0.0422481884299646,0.0274109898326397,0.0372237975979388,0.0358455464931486,0.0447528670060984,0.0242395237857353,-0.0291825294619722
-0.0453531912747349,0.0232432248917767,-0.0458074120001756,0.0107039106493943,-0.0987235253880962,-0.041177799426437,-0.0515980716793429,0.0309103303311918,-0.0166672446005825,-0.101264374139186,-0.0475151351883495,-0.0584663506295041,-0.0113347267915159,-0.111304384070659,-0.00901759791675114,-0.0954923889531193,0.0723726817783073,0.0145014312506648,0.0399225496707427,0.0206979886399926
-0.0612774451126212,0.0617440394419039,-0.0123167771334453,-0.00562563789797374,-0.0532595739528049,-0.0215252865900752,0.0485287726311233,-0.00940459220180885,-0.0676060946912307,0.00110153472214569,-0.034317165504741,-0.0192295612704931,0.0223495193388109,-0.0132255230472151,0.0241721211967597,0.0186206918049456,-0.0450239420932194,-0.0549451913566498,0.0140208177783166,-0.00734415738194296
-0.0370664106477912,0.0816070028051586,-0.0198244840408885,-0.0336741802464662,-0.0109701074544186,-0.0200467857820406,0.0291876878669917,0.0288733912020021,0.00215068989110575,-0.0481970915166438,-0.00109744157350111,-0.0555899757576074,0.0389709342878724,-0.0107012791354161,0.0216374552259706,-0.0791596778513088,-0.034591726277447,-0.0392561392089573,-0.0375304348211873,0.0315755148647084
-0.0542696381413794,-0.0288243645671802,-0.0407147563819564,-0.0823040703928554,-0.0372900193139276,-0.0512237650771043,-0.0138375584587837,-0.0170015534324757,0.0540434120752915,-0.030013613410739,0.0742571291713355,0.0460413858994889,0.0107869861841746,0.0380426943567759,0.0423056393662407,-0.0274391103248283,-0.0389078715399283,0.0206532872200708,0.00787040180747891,-0.00394291935102077
-0.0411065062701634,-0.0852532229454519,0.021204036692088,-0.0368064260362546,-0.0244496573538033,0.0372928224642328,0.038808503287787,-0.0279566707299802,-0.0246046511622505,0.0251007467212703,-0.0113858482753431,-0.00154058419111553,0.00875506169311198,-0.00441534411657762,-0.0358436914398929,0.0169263633613206,-0.0753825443586981,0.00655407751468663,0.0909793879256441,-0.122421008775323
-0.0679766631007269,-0.0317674511251195,0.0215736506435519,-0.0621487162427944,-0.0777480293799418,0.00372355543243863,-0.00529675381628831,-0.0133597571625653,0.0389422187507676,-0.0537224233372076,0.0304479009118045,0.0258802301242089,0.0652849426829872,0.0116888332058003,-3.87638080772146e-06,-0.0679705385501998,0.0108438796519114,0.0230833310964764,0.0427615275208564,-0.0228555005540588
-0.0333883851055574,0.0239262394169776,0.0456985918729004,0.0711082762665898,-0.0599603224689305,-0.069414914507124,0.0466138636377709,0.0546408998403756,-0.0286227442038771,-0.0274405414501055,-0.0197388937986091,0.00582323960472845,-0.0234252012423333,0.0288873282315382,0.0585380394432502,-0.103418935539419,0.00172562124545113,0.00852782260121859,-0.0351231758540164,-0.0224110583741951
-0.0357975954151549,0.0283425471353759,-0.0738329666400646,0.154345522132906,-0.0112115006972653,-0.0567882505095413,0.0313804183267967,0.00981695702462506,-0.0306553528201369,0.0690809241219503,-0.00537877209774068,0.0240183409487813,0.0120142162290572,-0.0394937952401793,0.0890740967722829,0.0601869398089312,-0.0360000882346208,-0.0324975033620004,-0.00576608617501242,-0.0935983783981736
-0.0445868982718238,0.0228568177488804,-0.059698816095031,0.0495971310641023,-0.035772109793758,0.0776588092725138,-0.0150744381877071,0.0094098375038408,0.0609580512450625,0.0279449125304804,-0.0350465703923751,0.0176969203015981,0.0583783747802632,-0.0169283429689529,0.00735493447705216,0.00742307457979867,-0.0432079770045551,-0.0332556492206815,0.00319649477206194,-0.193396061754862
-0.0698199231375077,0.00405236211972979,-0.02110771984178,0.0661595271911837,-0.0640168890575107,0.0130809739911223,0.0877200546224092,-0.0210064605266975,-0.00608563282373508,-0.0236116242001189,-0.021944972653175,0.0330647237437751,-0.00970030275954399,-0.00329100344750988,-0.0093843754018549,0.0438461083898601,-0.0411378860091952,-0.044716303419704,-0.00561781531839131,-0.0623847205874991
-0.0704585872088752,-0.0219707493558165,-0.0177637310321988,0.0111399075895627,-0.0244765242589149,-0.0156506513840659,0.0297629619131322,-0.00036604227296346,-0.0281316201107728,-0.0446063825328068,-0.0308454572737751,-0.0160064922948062,-0.0223619462160868,0.0247407414707446,0.105358600971579,0.0751935045097712,-0.0226443842690861,-0.0204129832014684,0.0450293701283493,-0.0320793164775552
-0.0566964411094665,0.0510473300916728,-0.0990751718923774,0.0487239978958683,-0.0583757389964443,0.0585669630643733,0.0194138870803562,0.104419845187034,0.0251862194434376,0.0650770140672836,0.0054116749931711,-0.0240974798398007,0.060124790051662,-0.0278682616348946,-0.0663597976797395,-0.0763979563277751,0.00492310390277877,-0.027926491007415,-0.0175822191431209,-0.0342870959948516
-0.0505625768177285,0.074382806855991,0.0286760500169324,0.0431811355405558,-0.0496338821717607,0.0935944308004732,0.0137720969844992,0.0526331352562146,0.0205157027487639,0.0168800197181822,-0.0239007611098529,0.0633238706045434,0.0438776032775411,0.0264972407710599,0.0793748188701838,-0.0738515767485298,0.0205030669871291,-0.000944492212509357,-0.0283443260269053,-8.01783366859921e-06
-0.0285317964697698,0.00457046879964774,-0.0175715016857498,0.0408065479230265,0.0114858861346954,-0.0583444087127202,-0.0503198744409516,0.0433884635053702,-0.0856561814556621,0.123505538393697,0.0538212056854067,-0.129471705135551,0.05683224673841,0.02235293876162,-0.0237417825124577,0.0292578143151409,0.047553808256797,0.0292606707680871,0.0312800518125473,0.0424589522797542
-0.0394410430198597,0.00947593106700604,-0.0844833661042358,-0.052565424481925,0.00889351229562725,0.0172163230492711,0.0194743678820385,0.0439731950324282,0.0643161586490511,0.0536581559393959,-0.00363941890807687,0.0172485078741091,0.0517510701120558,0.0428680610003929,0.0456508265936135,-0.047323918315857,0.0486346607425316,0.00750877945379059,-0.0145912404304061,0.0211516942315728
-0.0284576891265072,0.0287525546049509,-0.0175080810038477,0.0261994176114958,0.00448880933818532,-0.00909724380741882,0.0897952845182164,0.0508183648631389,-0.0609385607453421,-0.0103698512739203,0.0982040110701315,0.0375798383967703,-0.0203804082789151,0.0294496054291096,-0.00995135070609933,-0.0290920167226357,0.0288541720037464,0.00275842094991361,-0.0197532276021951,0.0472915937862867
-0.0539812551345623,0.0019147183485669,-0.0389783286872929,0.0734543171480783,0.0215628117056717,0.0700493539508508,0.00619667184470372,0.0293586461615346,-0.0859517664450703,0.0178070260537365,0.0646164021835618,0.022487600085932,0.00503454168934844,-0.0424864627569523,0.0995431567762315,-0.0189219015452387,-8.33713785225974e-05,0.0663443184560822,0.0308307592552574,-0.0051012898799853
-0.0402030371998854,-0.00944530963886877,-0.0438249116908295,-0.050650654164429,0.00785667398031745,0.0152290842780117,-0.0449812616939405,-0.0616529154663454,-0.0664192676660417,0.0574150581167591,-0.00677295544548138,-0.0263005734158787,0.017256917849905,-0.0304927198711068,0.0826016121714218,-0.01934090764163,-0.039756266375753,0.0528088063565302,0.0287262245330635,-0.062383863150996
-0.0493694457490365,-0.025090290872524,-0.0283026069141146,0.011885031278532,-0.0602354763353494,-0.0744367455818189,0.00552060452361767,-0.0344615861467002,0.0386119347530322,0.00548158453375353,0.0759145466364175,-0.086069599434296,-0.00976435955569914,-0.00795184636124087,-0.00210495091078249,0.0406018045653766,0.10238099107256,0.0614414672046808,0.0728437680169893,0.00220115152867862
-0.0373664680761969,0.00918322858861284,0.0192509830399054,0.0887400855815617,-0.0429563963217521,-0.00323857311594091,0.0660662273330594,-0.149290818187182,-0.00563672920003834,-0.0570024023057329,0.0756215451420288,-0.0244335815275737,-0.0163730202984325,0.0368883488991761,-0.0207526390520616,-0.0292088919422914,0.0843853728886261,-0.0248991206621346,0.0453260819168267,-0.0645691386979849
-0.00523508912200133,-0.0437504552376486,0.0250425008528689,-0.00954262497544739,-0.0209759846458255,-0.0177745593778826,0.109810506230523,0.0873698640008459,0.00298563162261663,0.177884678953092,0.0468935765748106,0.0310220659365257,0.0265806346859934,0.0393765611917444,-0.0906573614570955,-0.0552589749700661,0.0724387049658423,0.0126305596810214,0.0723604873067619,0.093946808189001
-0.0534249611043733,0.0863331099582644,-0.0429023725460366,-0.0405044196161121,-0.0194746846371798,-0.00507905863649232,-0.0416046826281427,0.027061435454163,-0.0430551577537764,0.0276705930752376,-0.0115085226662905,0.037719155511025,0.0778816347469005,0.0401784005261074,-0.0229893149169669,0.043086483456474,0.0372030358357487,-0.042188738174698,-0.0357648895476266,0.00895703992159185
-0.0418129302790531,-0.0351302674280576,-0.0661288053821363,-0.00697563443773615,0.00743647797379327,0.0262066721219622,-0.0422929909120755,0.00895690312177151,-0.0136424543795198,-0.0105377515947193,0.0162538719457493,0.00632788552546873,-0.0163033065801537,-0.00663583651430566,0.0603580443096705,-0.0135132377523529,0.0690265488571189,0.0678562026996191,0.0424180730650922,0.0349699052631038
-0.0506931337603387,0.00471950687778303,-0.0937984240925099,0.0970687167912335,0.010898934683489,0.0457825218403644,-0.0872201575571731,-0.0416093082323793,0.00901746540136482,-0.00316424024516055,-0.0668410824543514,0.0529037035499345,0.0310477838665005,0.00701239762720396,-0.0118220808831855,-0.0599657244275721,0.0447358567700322,-0.0309778468518914,0.034651329694463,-0.0104431704235373
-0.0519191119874787,-0.0027743455061385,-0.0330671303647962,0.0612834156589409,0.0199625451165166,0.0181243295751325,-0.0562005263287474,-0.0322342372354494,-0.056290827302812,0.00955534364488367,-0.00762043785187437,0.0760424585345932,-0.00710035705596488,0.0207775941112539,0.0189764268659159,-0.0730485380680483,0.0581364804170781,-0.00950077343894245,0.0270187471283388,0.0439055352449258
-0.0542811381645351,-0.0114640114421497,-0.075289253836746,-0.010082317708254,-0.0333421556852136,0.0656326749904311,-0.0174718240226093,0.0375736751017285,-0.00203294965958076,0.0211540028701172,0.0811179956102895,0.0215313573827564,-0.0235318716525736,-0.0156831534188297,-0.0367674909579555,-0.0327555731123372,0.0778145524992979,0.0151429838521668,0.0429043038432355,0.047844012131913
-0.0511635967514865,0.0180112447862257,-0.06563190101615,-0.00873490478424877,0.00869905756808639,0.00911817937176283,-0.00731165298229865,0.0186087190246855,-0.071576729278116,-0.00276860580693322,0.0526152135545387,0.0115016245969684,-0.0186956492441125,-0.0481608668873776,0.0114052979411454,-0.0140112161368321,0.0356496432298272,0.0311346617791708,0.0357586524423757,-0.0251961568827204
-0.0420119089061717,-0.0109442436094282,-0.0443615434845881,0.0173676167323631,-0.0670561022565495,0.0423861482864697,-0.0338377748257031,0.00948312835557064,0.0568989409027247,-0.000617497137266119,0.112619881704537,0.0556236254097626,0.0863422980253451,0.0521126965142046,0.0142974127527665,-0.0101164250129412,0.0239472129657827,0.0537555956364934,0.0375601719932527,0.0806058475948069
-0.0312976221980976,0.009976491979702,-0.056782437526269,-0.0206364143952625,-0.0239416976064357,0.0847387347121499,0.0239624273169668,0.0431852100088294,-0.0596795525118946,0.0864551777179908,0.0288614094818292,0.0417867381761114,0.0211885342439148,-0.0654897094146775,-0.06894549462325,-0.00913494025091434,0.0252147995392723,0.0489184492187372,-0.00141909868928703,0.0515687461966968
-0.02661573327146,0.0859247098468194,-0.0531873989236432,0.0198113818575911,0.0183666212394952,0.0558748351803402,0.0472105062867791,-0.0290318727229412,-0.0422500713408231,0.0319422519536144,0.0382784353335938,0.0585819738681106,0.0242569370617986,0.00236093971586079,0.00131652116970414,-0.0442386674376684,0.0297253691886531,0.00132219031877241,-0.000418838699844511,0.0631771827572336
-0.0462217373476927,0.0823442438211303,0.00288552213488483,-0.0455180347214855,0.0044950661835115,0.0160680564937093,0.00300235086483043,0.007378226613866,-0.0505828240592332,-0.0108167705729849,0.04664043079342,0.0557310131321038,-0.0123623803747984,0.0250825633100435,0.0176571055956766,0.039102114393477,0.0544940178641495,-0.0258443386642102,-0.0241258628202436,0.0247047092604606
-0.0495576322741565,0.0632924087867863,-0.0236747001834476,-0.0230676516049239,-0.0375472505304685,0.0700965895307354,0.0504857026122045,0.00304742275149582,-0.0328071916157371,-0.0272372260737796,0.012308990056505,0.0463137003192229,0.102973072486352,-0.0117383050279696,-0.0157547839141696,0.00395985555011132,0.0104796508096483,0.0488418185874724,0.0164148678616959,-0.0731770204552363
-0.0614138037856555,0.0681349752278047,-0.0294659209181083,-0.056008157862924,0.0274901971843151,0.015002600558529,-0.0278399418796586,0.0428563147580288,-0.0768594265307762,0.0384712115739732,0.0110973202183331,-0.0127844352465525,0.0441744648479795,0.0102337759658491,0.0653540780747226,0.00973916867465454,-0.000116380300085355,-0.0145314311944372,-0.0245305751587869,-0.0392775526887042
-0.0089144559830886,0.0671075346950311,-0.0536496604952498,-0.044689842770064,-0.0221433691647678,0.0285431761480124,0.0504617045370079,-0.0186875169918438,0.0517350053221075,0.018279360441741,0.000578537549208189,-0.0312225467184854,-0.0117265026447316,-0.0973354324659233,0.0204988442121769,-0.035875089637827,0.0928323515140275,-0.0210569290594905,-0.0186898109976081,0.0424457185470348
-0.0135162334682477,0.0924348691110936,-0.0413676647123263,0.030491537319453,0.015463475610376,-0.0548597871073246,0.0567634079897043,0.0111796919310236,-0.0172704429722851,-0.0405477786655953,0.00211629350575031,-0.0446445420225553,0.00452988153843874,-0.0281605783907903,0.0229782046006274,-0.0565803397653486,0.0768708693379309,-0.0541539510609492,-0.0364404777600758,0.0218940145685565
-0.0359669472725012,0.0439698732448586,-0.106294246869822,-0.0298724445557962,0.0181323227156006,0.0365510506342415,0.0297030980783073,0.0226337006278069,-0.0276221450460857,0.020510674904103,0.0454542820438459,0.0140154704249401,-0.00607900877993902,-0.00803832589088626,0.0446615326311485,-0.0419691561588997,0.0110247204911825,0.0325218788654403,0.0106069210387447,0.105210593897645
-0.0168515664057036,0.0314240015968127,-0.104697804248514,-0.0784405260209047,0.0487946431912901,-0.0305569155238215,-0.0321173821807128,-0.0290788131999173,-0.023648353469118,0.00545738395930898,0.0586787343883367,0.079240579199014,0.037702889233301,0.0310598198617569,-0.0183129653429086,-0.0188437736232105,0.0365424870095094,0.0289365738039499,0.0367256334465899,0.106348430531251
-0.0408788130564971,0.0480404434511335,-0.0649541632753885,-0.067561848783669,-0.0511076644327331,-0.010543216701703,0.0393235497574069,0.000211010778627601,0.0204005996291198,-0.0224346105357025,0.124077714537454,0.00254944858269642,-0.00349444727085414,0.00630129122640545,-0.000943343664381426,0.0175388605254639,0.0246884349916877,0.039066997537616,-0.0102431484412472,0.0330320567039209
-0.0336468096135659,0.0240580401942047,-0.0666080501500369,-0.0405734436203083,0.012671638327035,0.0433365590389046,-0.019112959987623,-0.0202413042628724,0.0574544888208728,0.0455620059229237,0.163097672457889,0.0484436104886867,-0.00113283737152017,0.029124875347616,-0.0203871955003547,-0.0501817975295901,0.0524100642306446,0.00135188691461272,-0.044062090217266,-0.04611347892208
-0.0411530450545014,-0.0265272632617652,-0.0744469398445574,-0.0613737979771724,0.00948198273062106,-0.0137913994809459,-0.0625363355122024,-0.0180355546717427,0.0286631507644723,0.049499337542411,0.103026438076176,0.0170612055540095,-0.00530614167449048,0.0113967498344951,0.0153747083039184,0.0339683874500632,0.0569725774643943,0.0282120176775556,0.00651387088501959,-0.00887849216384687
-0.0543189718090994,0.06645747826899,-0.0468021422741737,-0.0573323536210876,-0.0832701414580719,-0.0185239423147562,0.0475690372502419,-0.0249170499644991,-0.023195212345851,-0.0291935565712363,0.0259245236357504,-0.0974979604856785,0.0244446629714857,-0.00468356202607552,0.0256504054139863,0.00462053380801925,-0.00511894328165279,0.0249100422730354,0.0171899835670622,0.0372451155026979
-0.000452006604434962,0.104299917309574,-0.000753879641340852,0.00478786267984974,0.0113947396638603,-0.000785443499697539,0.0387295210283394,0.0909571191950293,-0.0441852638409217,-0.0423906693077388,-0.03635911860804,-0.00988880502260065,0.0331583516731831,-0.0573556050719397,0.0425247061498105,-0.0880394775145648,0.0574119994774768,-0.0426879353837162,-0.097705463048842,0.0493041128612542
0.00384478602864395,0.0369163783266534,0.0643143272377271,0.0405388202298769,0.120737923779761,-0.0077185627742365,0.0581199167203071,-0.00965491001065455,-0.0565058408675649,-0.00307468487004264,0.00667720070691805,0.0243964663963983,0.0526074951577873,0.125327071587886,0.00971582040963317,-0.01731320652323,0.0266614188435893,-0.0578553837760929,-0.0485657279098229,0.00326634495379403
-0.0416524999450061,0.0115902887767348,-0.0847164417178299,-0.00919431394298729,0.0307474254736176,0.00849081893420306,-0.021955663973625,-0.0605298408224113,-0.0336205614376395,0.0199527829924786,-0.000114444504465216,0.0116298553988116,0.0341536057469141,0.010246981718852,0.0477797151033052,0.000343526400744846,0.0541666235659905,0.03068839171727,0.0396584597550469,0.0648090101693141
-0.038755132834771,0.0324841463737902,-0.0492790048665546,0.0209575888217914,0.0433715178523556,0.0354327853123714,-0.0293583322168488,-0.0366050775552079,-0.0992975094173456,0.0205911837860036,0.00584118214462413,0.0323493672629806,0.0395885811335601,0.00709650175896127,0.0133418236482052,-0.0309819231814488,0.0491907908300002,-0.00494690116564714,0.0201084604998323,0.0680923844747925
-0.00374846299250828,0.0209223044564822,-0.0736716076740185,-0.0611521212648017,-0.0158054002296162,0.0276589860143127,0.0185278451608656,0.0477291649055297,0.0306542807589754,0.0132390910880742,0.0641225009348519,-0.0625626069531882,-0.016098147518412,-0.0572605748721481,0.0171328967907416,-0.00343013433174234,0.0627915385246607,0.0848976352374646,0.0466302636102475,-0.0129231671312441
-0.0496132726849666,0.00669095859890217,-0.0725154783290076,0.00310244150448929,-0.0194774445068062,0.0102523176030294,0.034937050536717,-0.0285214384761623,-0.00302327530035527,-0.0146843319982688,-0.0128658390069403,-0.072882882986384,0.079043666053379,0.0293768347197042,0.0592116336062015,-0.000554489947423681,0.0621700065413361,0.00522783325919273,0.0708192626095025,0.0892326064732578
-0.030952741271788,0.0714751257740897,-0.0483870488724124,-0.0207553561212147,-0.0242433488144394,-0.0274332977404162,-0.0335676647283177,-0.0555005489977927,-0.0536042912142287,-0.0197071358780174,-0.00859351596345962,0.0656049341615126,0.0330501633564487,-0.00499351442351406,0.00525876781777648,0.019934360961291,0.0376873894379457,0.0502657166346209,0.0150922055438314,-0.00341514083371902
-0.0253910593136592,0.0820478061242061,-0.0910395501451847,0.0365925691661778,0.0472788566871002,0.0818491520208812,0.0133645754925788,-0.0440129833769078,-0.0921747197478947,-0.0482395902155678,-0.0414348150287948,0.0217065026949577,0.0798568330228903,0.0186202516891159,-0.00183747225139373,-0.0698092939387602,-0.0103583920174293,-0.000916894689885879,0.0229452049483967,0.0468582737684878
-0.0364109841371771,-0.0472005672869858,-0.0173123287293336,0.0346592097015566,-0.0145400646299819,0.0599520851042248,0.101004067220966,-0.047315816683368,0.00785669592834374,0.109416979593629,-0.070368541431461,0.0399431869886156,-0.0310162553686016,-0.0776398660354067,0.0594683730595225,-0.0412549859383381,0.0412933588927961,0.0393456921941624,0.0151198741055388,-0.0205499577985953
-0.0566144792790189,-0.0586539031323827,-0.0240507180550506,0.0106729490390416,0.0187499208835151,0.0404899086178125,0.0121623393265749,0.0595947266628312,0.00662552662513947,0.0866327294022585,-0.00774238001378688,-0.00424567362176242,0.00763054374571021,-0.0510018767875576,0.0827564991310332,-0.0536487316021178,0.134098006501493,0.0112901001644551,0.00841692641374874,0.00521222580374458
-0.0516834601756904,0.0217282337352168,-0.0857856043966531,0.00563613430278016,0.0215732070696464,0.0350980357308784,0.00489374263589864,0.0143342874337905,-0.0124397111710912,0.0535430518867301,-0.0385825914418381,0.0398282603841934,0.0793825174795167,0.0403564750459408,0.0729692324474425,0.00141332831925053,-0.0105336389292615,0.0351105940345954,-0.000980261762784796,0.0860901357975127
-0.0573765307078768,0.115510781223641,0.0588101524737554,-0.0156859398468592,-0.0466816047795717,0.119940670538816,-0.0774099527811812,0.0492032824586592,-0.0376055282216737,-0.0487758285956614,0.0320995620442874,-0.00480626573400066,0.0300911052206156,-0.0127732144317452,0.0720414695652164,-0.0221646193455518,0.0040858090049705,-0.00308523160502117,-0.0348747636882396,-0.0665057797061039
-0.0202463644627083,0.00100098693059608,-0.0489169771686844,0.00464101265753902,-0.00947727513489434,-0.0175077581922077,0.0209688292376494,0.0141997901919087,0.00809130965205781,0.0213638904313346,0.0599378699194229,-0.0884513746208823,-0.0116517718852718,-0.0146467480465693,0.0400015896942164,-0.126246624801009,0.0292753033016624,0.0827519551382856,0.0633839562768251,-0.0345212521356326
-0.0710885252626961,0.0519715738500828,-0.0265579457959773,-0.0477306191907889,-0.0497368703944425,0.0518365019099992,-0.073637095672945,0.044269554661527,-0.0661094323963923,0.0298976882629892,-0.0529399018120867,-0.0221866906655726,0.0873480186450127,0.00311811101163587,0.0486197296755369,0.0295112341604573,0.00826286521622914,0.0128365176164564,-0.0131402340760255,-0.0327482441952896
-0.0593214013616645,-0.0279236010470778,-0.040218099014205,-0.0191556816206208,-0.0494064288937094,-0.0157675441863778,0.00223126830825321,0.0337058554760397,0.0740625738115216,0.112140413395246,0.0971170715943865,0.00884920441740694,0.0268705710694993,0.0149611299518376,0.0132491714986938,0.0195179743543382,0.0421124772137053,0.0407554651043032,-0.012282720778736,-0.0295686028377533
-0.0464871368029844,-0.0263970478830138,0.0258580534510623,-0.0195757360927968,-0.0928100688884466,-0.00505015931567695,0.0606338836858494,0.0766839095206957,9.72603911493069e-05,0.0212194931317736,0.0278443174402144,0.0219634481937034,0.00610374748345781,-0.0368702262326102,0.0296397412616579,0.0772121004577012,-0.0224280301580658,0.0974305630274742,0.0142695025997119,0.0878316247185325
-0.0357123540975094,-0.00151123615722097,-0.0277631182366059,0.0156844792569907,0.0103572997766578,0.0456187889334359,0.139491142881558,0.0273098733673316,0.00895339847744692,-0.0226841139118507,-0.00686868515812794,-0.000381426520284422,-0.0186832574719423,-0.00866538700962096,0.0480595454909178,-0.0794142551565707,0.0466504586926403,0.0046076684030843,0.00570543154141362,0.00738543705189683
-0.0229868916713017,-0.0129769058307011,-0.0662722913574288,0.0100946848162814,-0.00756581516903118,0.0761668121706789,-0.0114412985671928,-0.0358751906261946,0.0394905967371459,0.00504705540156367,0.0200935725063701,-0.00467886699080184,-0.00608477939670929,-0.00716695946002928,0.0888221021336629,0.0373948604204471,0.0403216947416131,0.0654329726781206,0.0283426037927144,0.0991262916288281
-0.0317042731344643,-0.0226334104086577,-0.0105960490976382,-0.0262854959807026,0.0333356670366947,-0.010470872887375,-0.0123706281524235,-0.0408604952894637,-0.0315987434861704,0.0576387563434862,0.0292534647928558,0.0218679694061012,0.00190942661166181,0.0259874780833077,0.0392279972030767,0.00733847850003872,0.0444495061451244,0.0268785040887033,0.0451547810268455,0.0163149050775416
-0.0287925268167428,-0.0139053188540291,-0.101393321952942,-0.00529119174147303,-0.0146946100769892,0.00352838565578003,-0.0279514164138381,-0.0147722256313233,0.0881235901546687,0.0244718002104079,-0.0129068817642472,0.0116136937800102,0.0293836391638398,0.000395680219690598,-0.0248392888198377,0.0336248918977135,0.0665213997769033,0.0242356368976777,0.0456074449425842,-0.0262706433527059
-0.0527436397220758,0.0317011569898484,0.0285652225092073,-0.0596567731962777,0.0391305517838965,-0.0109575001685229,-0.0468825586423962,0.00405917658919443,-0.0466432635343885,0.0287565750952683,-0.0637113910180314,0.00482053589620287,0.0372498487832487,0.0564822691498321,0.0609164805706011,-0.0354399520167553,0.11131892575822,-0.0476934667152397,0.0236224513643651,-0.0255970855439532
-0.0553757752433005,-0.040114250975777,-0.0317611829615336,0.00939037234902983,-0.0440109139759872,0.0586917510837145,-0.0135090957023339,-0.0407619004354042,-0.0538432915262578,0.0409553401898297,-0.0415345914957713,0.0407196815990308,0.0151654329233565,-0.0221127561595866,0.032011626285283,-0.0121689885784411,0.0448033656464544,0.0418791003283219,0.0538662361004495,0.030749900060254
-0.0463591274998422,0.0243931094337606,-0.0293415685180297,-0.0616180979424918,-0.0367665387420259,-0.0127948780089563,-0.0140777405859934,0.0213415198070145,-0.0114683433727918,0.0465481341563989,0.0223777683925332,0.0403320689519274,-0.0189790606305537,-0.0210922241251049,0.0509437784702384,-0.0337566959694607,0.044511765909511,0.0238435291096268,0.0306879453828181,0.0893134043944656
-0.0637015675540268,0.00242581588855527,0.0120855888669146,-0.0340863432009632,-0.115744705200856,0.0113075310334492,-0.02449655668362,0.00217949316699375,0.000719204821213499,0.0351426990885227,0.0484914094535149,-0.011521253228634,-0.0195880003173276,-0.0402746946962572,0.0496868186505776,-0.0544182007406968,0.00537682926296315,0.0500326654639682,0.0288889039234002,0.0445244360778668
-0.0346571691605039,0.0369366427990813,-0.0410290025347048,-0.0606854420382508,-0.00307802062506381,-0.0173492661047447,0.0171944578244898,-0.00549526803229927,-0.00617351961812001,-0.00405714193281703,0.0494759435297176,0.0137623361324233,0.0313331654067398,0.0174824115982423,0.0563885650343484,-0.023276337754867,0.0679271930714689,0.00345030822212201,-0.00275912158885583,0.0401153505264523
-0.0459855175012894,0.0373921155921722,-0.0366635647621303,-0.046983860718677,-0.0400599348219942,-0.00370904139027184,0.038904590218763,-0.0698438845009405,-0.0187963833937606,0.00139276014707015,0.0280704594455138,0.0167133030289284,0.0488875925761813,0.0225125963188528,-0.024672194035053,-0.000891326141885312,0.0334342574895423,0.0126699447356483,0.0104793672927138,-0.0174858522155867
-0.0488259497352695,0.0840651073491863,0.079860008781981,0.0584978381590107,-0.0824490633145963,0.125728753729746,0.0335707784471731,0.0777461354796641,0.00229512062128424,-0.00335273743014466,-0.0378089194316197,0.0410751972078711,0.0833664194518017,0.0108724938010046,0.0356990398962173,-0.0676456218058368,0.0148725706933959,-0.0021190338725779,-0.0367791070755624,-0.0542304010173092
-0.03356722776295,0.0566636960948671,-0.0376594646369167,-0.034015287422317,0.0325014797232093,-0.00541165172403543,0.0276656636666304,-0.00140527118999714,-0.0765150981706798,0.0108304530632458,0.0199500107318734,0.0277789337007801,0.0264053589984196,0.0112172593634153,0.00400003454958862,0.0133060184482873,0.0583246847581857,-0.0433536308051306,0.000536788433512601,-0.0348623380865728
-0.036512899852188,0.0325568023443961,-0.0599631087415424,-0.0233904019357563,-0.00246350681723355,-0.0603147529550261,0.00991885493903835,-0.0452583129223568,-0.000510506445269864,0.0173932993713286,0.0231577970571407,0.092481208445049,0.0614575159228887,0.0761065533980776,0.0389072832844435,0.0164569647535287,0.0319841149041392,0.015870243388863,-0.0113066772647472,0.0575248046179105
-0.0377858000788819,-0.0155970108698117,0.0408766318822451,0.0293131981667644,-0.0492212236106083,0.0497073904016002,0.0246967495140637,-0.0495484361679127,-0.0379105150323152,0.044988772038651,0.0196672930210608,0.107405574236115,0.069468826377469,0.0572849746603311,-0.0383605444884181,-0.00231955371410576,0.012535803024501,0.030260205681526,0.0372656266947568,-0.00735931987897431
-0.0522346699949327,-0.0162151465004246,0.0157251134628455,0.0117331764918364,-0.052611008199675,-0.052650509720024,0.00223218382231032,-0.0309577802136823,0.00556476074778708,0.0184619899160984,0.0125254977245956,0.0034629854302137,0.0125106998377443,0.00566233885912475,0.0704651701926465,0.0384214044043969,0.0915088587886561,-0.0182083924138941,0.0239705941278798,-0.0208475696384219
-0.0523919069357968,-0.0256078269829014,-0.0869406045337338,0.0530427970070633,-0.0155535307572778,0.0551951576180583,0.0303796482698453,0.0301109181371177,0.0498976195397519,0.0292890890641868,0.0686344655167869,-0.0113720579997598,-0.0265649888658126,0.00732482532984242,0.0534084452263886,-0.0246341572893562,0.0788971678876515,0.0246561086923384,-0.0295459255961625,0.038288045702512
0.0184857397125018,0.072231177758167,-0.00199022451234706,-0.0110408964695405,0.0740916301449021,-0.0441977312988693,0.0518562979940492,0.0802746764093362,-0.0765335681489724,0.0167300960575715,0.0217868391711022,0.0733516668749847,-0.0370089143233562,-0.0528392038346743,-0.0279638715969736,0.0384692107495191,0.0632500721465798,-0.0872342226805544,-0.0723496276810193,0.0519164681406614
-0.0101833883669219,0.0759044485308423,-0.0226760177850995,0.0229819448797765,0.056064499965751,-0.0689020828597799,0.00789184412105088,0.0261652180022097,-0.0504336311053876,-0.102449195255667,0.0196169959005939,0.00898283245062853,0.024299262530115,-0.0011405539622754,0.0227852589534581,-0.100543213043985,0.022359952304951,-0.022038140874497,-0.0602687465803984,-0.00451897901990337
-0.0517457098047835,0.0759342079385858,-0.0332071633258106,-0.00170267222655646,-0.0205971828130856,0.0201625851868893,0.0551925775169918,-0.0490363121368508,-0.0539944627567618,0.0906284076860463,0.017433135567644,-0.00697357523669988,0.0486134423086934,0.0100719102741688,0.019283472185361,-0.0268704159823848,-0.00561863460159504,-0.0275695569685855,-0.0169123022400252,0.0085874705365471
-0.0252275296577123,0.0209534255179317,0.0142472455282275,0.00124488434666932,0.0179561186260747,0.0444510900985412,0.0376626259497683,0.0261278637264145,-0.0459862147540398,0.0286645535084865,0.0177252916557151,-0.00314324550974191,0.0396267031244714,-0.0190630155375523,0.00243565230605804,-0.128490698505381,0.0510311557193475,0.0661511676197717,0.0466246734672107,0.0262694040191702
-0.0467278499958733,0.0114321059531251,-0.0501076968287813,-0.07284965372196,-0.000677604914200475,-0.0628509118099146,-0.0695831096574615,-0.0678399965575635,0.0342487999620677,0.0393021390467559,0.111972518086987,0.0330780840438186,0.00683055510336762,0.0413057763497244,0.0665727241625635,-0.100207857704036,-0.00262800823953109,0.0367170727108124,-0.0238044036572472,-0.0418363943765492
-0.0448974779389647,-0.0258673865599566,-0.00361568085729915,-0.0536586012072718,-0.0360842877031572,0.0233729968992576,-0.057033745480207,0.00472266107074611,-0.0175591239642764,0.0508583058219361,-0.0474568610621646,0.0487250303126098,0.0246591098685055,-0.0320605204324075,0.0649849620855079,-0.055307229996669,-0.00142373754554752,0.0723508964835609,0.045759122941246,0.0544962548936268
-0.0523233490332659,-0.00373456132745738,-0.0197280378438615,-0.0628723176114971,-0.062425402826702,-0.0120197777612912,-0.0226207059078632,-0.0312048356149305,0.0155841533277422,0.0371613016891528,0.0671664553658338,0.0198508205058805,-0.0208956612709368,-0.0599512965411118,0.0531384116700438,-0.0237022116619405,-0.0170665299179008,0.0573822167093038,0.0518986436938767,-0.0150328376361355
-0.000750701588459451,0.032733840581042,-0.040632200694098,0.0107219637123835,0.0207364792720189,0.0679302815425243,-0.0324572876041465,0.121188355651009,-0.0884605495584563,-0.0925951707938484,0.00342806344490609,0.0490669566570613,-0.0431754964984912,-0.102566468452548,0.0582399195182575,-0.0383939119818711,-0.0101890788732292,0.0434986801586568,-0.000878934057692298,0.0589624759578925
-0.0565642715910814,0.00645223252661559,-0.0772871960658533,0.149591878017281,-0.0916163558182383,0.0039559707685356,0.0688712632270946,-0.0898651182908177,0.015185629126166,0.0135101501792104,-0.0209709544410703,-0.00627147192885897,0.0864097351995241,-0.0144360898647138,0.0330727407091147,0.0436704751494321,-0.0689268683423123,0.00122357833476895,0.0188439356308444,0.0305897054950236
-0.0410464504487501,0.00496010278906556,-0.0863445220197466,0.0452243752129391,-0.00806442582761938,0.0440777842323574,-0.0704581383173845,-0.0276684189063491,0.0806299781489896,-0.134988927892685,0.0503872364146229,0.108637178515752,0.0202280470289516,0.0661003737264977,0.074196660650084,0.0175457419302828,0.0678650577175211,0.0145331724944332,-0.026256481948063,0.0258834627724749
-0.0449910640752665,-0.00746976110309375,-0.0424498854758801,-0.0187040448639961,-0.0508419712399406,0.0195249638160188,0.00868382640136556,-0.0128461596407783,0.0259588276553525,0.0736734864988911,-0.028979712708743,-0.000962564752607915,0.0410369567125269,-0.0150667966450657,0.0922325410651519,-0.0289085665810576,0.0185725511909225,0.0639967840239041,0.0401267910603471,0.0492101431375974
-0.0276511591211303,0.0134599361813006,-0.0762590399039116,-0.0544748345324163,0.0133882419107712,-0.0115480952031912,0.036212660831684,-0.0032292808906874,0.0142536654114606,0.0150246806140381,-0.0705742631344325,-0.0466041824671392,0.0734001723189319,0.0182309570470753,0.0199961653537906,-0.0269175717265501,0.0824947230801268,-0.0493920896341122,0.0137671887451928,0.0371131042725727
